feature1,feature2,feature3,label
0.3745401188473625,82,A,Negative
0.9507143064099162,86,C,Negative
0.7319939418114051,74,B,Negative
0.5986584841970366,74,A,Negative
0.15601864044243652,87,B,Negative
